,data,op,storage,size
0,93323.0,write,dynamodb,4
1,92878.0,write,dynamodb,4
2,93413.0,write,dynamodb,4
3,93755.0,write,dynamodb,4
4,93512.0,write,dynamodb,4
5,93269.0,write,dynamodb,4
6,93301.0,write,dynamodb,4
7,93126.0,write,dynamodb,4
8,94398.0,write,dynamodb,4
9,93979.0,write,dynamodb,4
10,94136.0,write,dynamodb,4
11,93231.0,write,dynamodb,4
12,93073.0,write,dynamodb,4
13,92997.0,write,dynamodb,4
14,92885.0,write,dynamodb,4
15,93006.0,write,dynamodb,4
16,96359.0,write,dynamodb,4
17,93231.0,write,dynamodb,4
18,92967.0,write,dynamodb,4
19,93346.0,write,dynamodb,4
20,93381.0,write,dynamodb,4
21,92904.0,write,dynamodb,4
22,93680.0,write,dynamodb,4
23,94126.0,write,dynamodb,4
24,93450.0,write,dynamodb,4
25,93586.0,write,dynamodb,4
26,93050.0,write,dynamodb,4
27,92892.0,write,dynamodb,4
28,93127.0,write,dynamodb,4
29,93890.0,write,dynamodb,4
30,93267.0,write,dynamodb,4
31,93059.0,write,dynamodb,4
32,93418.0,write,dynamodb,4
33,93164.0,write,dynamodb,4
34,93201.0,write,dynamodb,4
35,93144.0,write,dynamodb,4
36,93003.0,write,dynamodb,4
37,93112.0,write,dynamodb,4
38,93333.0,write,dynamodb,4
39,93226.0,write,dynamodb,4
40,93440.0,write,dynamodb,4
41,94746.0,write,dynamodb,4
42,93102.0,write,dynamodb,4
43,93187.0,write,dynamodb,4
44,93530.0,write,dynamodb,4
45,93134.0,write,dynamodb,4
46,93104.0,write,dynamodb,4
47,93432.0,write,dynamodb,4
48,93172.0,write,dynamodb,4
49,93038.0,write,dynamodb,4
50,93291.0,write,dynamodb,4
51,93019.0,write,dynamodb,4
52,92987.0,write,dynamodb,4
53,93134.0,write,dynamodb,4
54,92948.0,write,dynamodb,4
55,93196.0,write,dynamodb,4
56,93747.0,write,dynamodb,4
57,93478.0,write,dynamodb,4
58,93268.0,write,dynamodb,4
59,93306.0,write,dynamodb,4
60,98965.0,write,dynamodb,4
61,93033.0,write,dynamodb,4
62,92911.0,write,dynamodb,4
63,93342.0,write,dynamodb,4
64,93358.0,write,dynamodb,4
65,92954.0,write,dynamodb,4
66,93615.0,write,dynamodb,4
67,94717.0,write,dynamodb,4
68,93279.0,write,dynamodb,4
69,93111.0,write,dynamodb,4
70,94373.0,write,dynamodb,4
71,93162.0,write,dynamodb,4
72,93339.0,write,dynamodb,4
73,92980.0,write,dynamodb,4
74,93149.0,write,dynamodb,4
75,93404.0,write,dynamodb,4
76,93261.0,write,dynamodb,4
77,92954.0,write,dynamodb,4
78,93038.0,write,dynamodb,4
79,93275.0,write,dynamodb,4
80,93188.0,write,dynamodb,4
81,92959.0,write,dynamodb,4
82,92849.0,write,dynamodb,4
83,93187.0,write,dynamodb,4
84,93367.0,write,dynamodb,4
85,93469.0,write,dynamodb,4
86,93280.0,write,dynamodb,4
87,93113.0,write,dynamodb,4
88,93027.0,write,dynamodb,4
89,92952.0,write,dynamodb,4
90,93044.0,write,dynamodb,4
91,93971.0,write,dynamodb,4
92,93007.0,write,dynamodb,4
93,93272.0,write,dynamodb,4
94,92946.0,write,dynamodb,4
95,92992.0,write,dynamodb,4
96,93330.0,write,dynamodb,4
97,93119.0,write,dynamodb,4
98,92932.0,write,dynamodb,4
99,93093.0,write,dynamodb,4
100,93449.0,write,dynamodb,4
101,92935.0,write,dynamodb,4
102,92966.0,write,dynamodb,4
103,93277.0,write,dynamodb,4
104,92981.0,write,dynamodb,4
105,93164.0,write,dynamodb,4
106,93144.0,write,dynamodb,4
107,93400.0,write,dynamodb,4
108,93086.0,write,dynamodb,4
109,93481.0,write,dynamodb,4
110,93447.0,write,dynamodb,4
111,93176.0,write,dynamodb,4
112,92959.0,write,dynamodb,4
113,93148.0,write,dynamodb,4
114,93423.0,write,dynamodb,4
115,93095.0,write,dynamodb,4
116,93542.0,write,dynamodb,4
117,93509.0,write,dynamodb,4
118,93028.0,write,dynamodb,4
119,93127.0,write,dynamodb,4
120,96306.0,write,dynamodb,4
121,93586.0,write,dynamodb,4
122,93053.0,write,dynamodb,4
123,93409.0,write,dynamodb,4
124,93029.0,write,dynamodb,4
125,93070.0,write,dynamodb,4
126,93128.0,write,dynamodb,4
127,93525.0,write,dynamodb,4
128,93246.0,write,dynamodb,4
129,93211.0,write,dynamodb,4
130,93016.0,write,dynamodb,4
131,93450.0,write,dynamodb,4
132,93430.0,write,dynamodb,4
133,93047.0,write,dynamodb,4
134,92874.0,write,dynamodb,4
135,93561.0,write,dynamodb,4
136,93886.0,write,dynamodb,4
137,94959.0,write,dynamodb,4
138,92847.0,write,dynamodb,4
139,93337.0,write,dynamodb,4
140,92897.0,write,dynamodb,4
141,93084.0,write,dynamodb,4
142,93326.0,write,dynamodb,4
143,93465.0,write,dynamodb,4
144,93428.0,write,dynamodb,4
145,96826.0,write,dynamodb,4
146,92914.0,write,dynamodb,4
147,93486.0,write,dynamodb,4
148,92941.0,write,dynamodb,4
149,92891.0,write,dynamodb,4
150,93259.0,write,dynamodb,4
151,93004.0,write,dynamodb,4
152,92906.0,write,dynamodb,4
153,93108.0,write,dynamodb,4
154,92897.0,write,dynamodb,4
155,93318.0,write,dynamodb,4
156,92933.0,write,dynamodb,4
157,93242.0,write,dynamodb,4
158,92916.0,write,dynamodb,4
159,93218.0,write,dynamodb,4
160,93174.0,write,dynamodb,4
161,93203.0,write,dynamodb,4
162,93117.0,write,dynamodb,4
163,93085.0,write,dynamodb,4
164,93187.0,write,dynamodb,4
165,93264.0,write,dynamodb,4
166,92913.0,write,dynamodb,4
167,93023.0,write,dynamodb,4
168,93338.0,write,dynamodb,4
169,93207.0,write,dynamodb,4
170,92976.0,write,dynamodb,4
171,93092.0,write,dynamodb,4
172,93517.0,write,dynamodb,4
173,93073.0,write,dynamodb,4
174,93343.0,write,dynamodb,4
175,94235.0,write,dynamodb,4
176,92924.0,write,dynamodb,4
177,93076.0,write,dynamodb,4
178,93038.0,write,dynamodb,4
179,93337.0,write,dynamodb,4
180,92884.0,write,dynamodb,4
181,93119.0,write,dynamodb,4
182,93352.0,write,dynamodb,4
183,92905.0,write,dynamodb,4
184,107207.0,write,dynamodb,4
185,93097.0,write,dynamodb,4
186,93090.0,write,dynamodb,4
187,93336.0,write,dynamodb,4
188,93467.0,write,dynamodb,4
189,93223.0,write,dynamodb,4
190,93557.0,write,dynamodb,4
191,93422.0,write,dynamodb,4
192,93133.0,write,dynamodb,4
193,93935.0,write,dynamodb,4
194,93049.0,write,dynamodb,4
195,93993.0,write,dynamodb,4
196,93612.0,write,dynamodb,4
197,93332.0,write,dynamodb,4
198,93348.0,write,dynamodb,4
199,93266.0,write,dynamodb,4
200,93551.0,write,dynamodb,4
201,93586.0,write,dynamodb,4
202,94791.0,write,dynamodb,4
203,93535.0,write,dynamodb,4
204,93058.0,write,dynamodb,4
205,93331.0,write,dynamodb,4
206,93389.0,write,dynamodb,4
207,93015.0,write,dynamodb,4
208,93496.0,write,dynamodb,4
209,93010.0,write,dynamodb,4
210,95199.0,write,dynamodb,4
211,92939.0,write,dynamodb,4
212,93527.0,write,dynamodb,4
213,92998.0,write,dynamodb,4
214,93164.0,write,dynamodb,4
215,93159.0,write,dynamodb,4
216,93072.0,write,dynamodb,4
217,93330.0,write,dynamodb,4
218,93602.0,write,dynamodb,4
219,92956.0,write,dynamodb,4
220,94700.0,write,dynamodb,4
221,92993.0,write,dynamodb,4
222,93024.0,write,dynamodb,4
223,93647.0,write,dynamodb,4
224,93182.0,write,dynamodb,4
225,94661.0,write,dynamodb,4
226,93166.0,write,dynamodb,4
227,93009.0,write,dynamodb,4
228,93174.0,write,dynamodb,4
229,92871.0,write,dynamodb,4
230,93188.0,write,dynamodb,4
231,93096.0,write,dynamodb,4
232,92947.0,write,dynamodb,4
233,93000.0,write,dynamodb,4
234,93079.0,write,dynamodb,4
235,92998.0,write,dynamodb,4
236,93043.0,write,dynamodb,4
237,93312.0,write,dynamodb,4
238,93241.0,write,dynamodb,4
239,93489.0,write,dynamodb,4
240,94296.0,write,dynamodb,4
241,93056.0,write,dynamodb,4
242,92997.0,write,dynamodb,4
243,93193.0,write,dynamodb,4
244,93823.0,write,dynamodb,4
245,93213.0,write,dynamodb,4
246,92980.0,write,dynamodb,4
247,93091.0,write,dynamodb,4
248,93606.0,write,dynamodb,4
249,92965.0,write,dynamodb,4
250,93213.0,write,dynamodb,4
251,93081.0,write,dynamodb,4
252,93107.0,write,dynamodb,4
253,93619.0,write,dynamodb,4
254,94314.0,write,dynamodb,4
255,93048.0,write,dynamodb,4
256,93237.0,write,dynamodb,4
257,93361.0,write,dynamodb,4
258,92926.0,write,dynamodb,4
259,93212.0,write,dynamodb,4
260,93938.0,write,dynamodb,4
261,93047.0,write,dynamodb,4
262,93721.0,write,dynamodb,4
263,93148.0,write,dynamodb,4
264,93245.0,write,dynamodb,4
265,92973.0,write,dynamodb,4
266,93323.0,write,dynamodb,4
267,92927.0,write,dynamodb,4
268,92951.0,write,dynamodb,4
269,94631.0,write,dynamodb,4
270,97007.0,write,dynamodb,4
271,93696.0,write,dynamodb,4
272,93880.0,write,dynamodb,4
273,95111.0,write,dynamodb,4
274,93124.0,write,dynamodb,4
275,92841.0,write,dynamodb,4
276,93260.0,write,dynamodb,4
277,94729.0,write,dynamodb,4
278,93922.0,write,dynamodb,4
279,94296.0,write,dynamodb,4
280,93144.0,write,dynamodb,4
281,94931.0,write,dynamodb,4
282,93334.0,write,dynamodb,4
283,93456.0,write,dynamodb,4
284,93007.0,write,dynamodb,4
285,93518.0,write,dynamodb,4
286,92901.0,write,dynamodb,4
287,92845.0,write,dynamodb,4
288,93029.0,write,dynamodb,4
289,93412.0,write,dynamodb,4
290,93464.0,write,dynamodb,4
291,93122.0,write,dynamodb,4
292,93840.0,write,dynamodb,4
293,93266.0,write,dynamodb,4
294,94095.0,write,dynamodb,4
295,93455.0,write,dynamodb,4
296,93114.0,write,dynamodb,4
297,93610.0,write,dynamodb,4
298,93850.0,write,dynamodb,4
299,93370.0,write,dynamodb,4
300,93050.0,write,dynamodb,4
301,92904.0,write,dynamodb,4
302,93020.0,write,dynamodb,4
303,93994.0,write,dynamodb,4
304,93071.0,write,dynamodb,4
305,93180.0,write,dynamodb,4
306,93160.0,write,dynamodb,4
307,93097.0,write,dynamodb,4
308,93396.0,write,dynamodb,4
309,92976.0,write,dynamodb,4
310,93038.0,write,dynamodb,4
311,93380.0,write,dynamodb,4
312,93348.0,write,dynamodb,4
313,93494.0,write,dynamodb,4
314,93014.0,write,dynamodb,4
315,93440.0,write,dynamodb,4
316,93505.0,write,dynamodb,4
317,93241.0,write,dynamodb,4
318,94027.0,write,dynamodb,4
319,92853.0,write,dynamodb,4
320,92991.0,write,dynamodb,4
321,93546.0,write,dynamodb,4
322,93190.0,write,dynamodb,4
323,92982.0,write,dynamodb,4
324,93156.0,write,dynamodb,4
325,114647.0,write,dynamodb,4
326,93022.0,write,dynamodb,4
327,93208.0,write,dynamodb,4
328,93554.0,write,dynamodb,4
329,93072.0,write,dynamodb,4
330,93728.0,write,dynamodb,4
331,93014.0,write,dynamodb,4
332,94498.0,write,dynamodb,4
333,93917.0,write,dynamodb,4
334,93584.0,write,dynamodb,4
335,92942.0,write,dynamodb,4
336,93081.0,write,dynamodb,4
337,93517.0,write,dynamodb,4
338,93457.0,write,dynamodb,4
339,92977.0,write,dynamodb,4
340,92973.0,write,dynamodb,4
341,93294.0,write,dynamodb,4
342,93559.0,write,dynamodb,4
343,93145.0,write,dynamodb,4
344,93041.0,write,dynamodb,4
345,96454.0,write,dynamodb,4
346,92930.0,write,dynamodb,4
347,93164.0,write,dynamodb,4
348,92883.0,write,dynamodb,4
349,93083.0,write,dynamodb,4
350,92923.0,write,dynamodb,4
351,93257.0,write,dynamodb,4
352,93242.0,write,dynamodb,4
353,93260.0,write,dynamodb,4
354,93395.0,write,dynamodb,4
355,93091.0,write,dynamodb,4
356,93108.0,write,dynamodb,4
357,92940.0,write,dynamodb,4
358,93140.0,write,dynamodb,4
359,93168.0,write,dynamodb,4
360,93264.0,write,dynamodb,4
361,93171.0,write,dynamodb,4
362,93155.0,write,dynamodb,4
363,93391.0,write,dynamodb,4
364,93521.0,write,dynamodb,4
365,93204.0,write,dynamodb,4
366,93143.0,write,dynamodb,4
367,93093.0,write,dynamodb,4
368,93316.0,write,dynamodb,4
369,93297.0,write,dynamodb,4
370,92989.0,write,dynamodb,4
371,93123.0,write,dynamodb,4
372,93303.0,write,dynamodb,4
373,93166.0,write,dynamodb,4
374,93341.0,write,dynamodb,4
375,93134.0,write,dynamodb,4
376,93071.0,write,dynamodb,4
377,93068.0,write,dynamodb,4
378,93608.0,write,dynamodb,4
379,93118.0,write,dynamodb,4
380,93509.0,write,dynamodb,4
381,93075.0,write,dynamodb,4
382,93043.0,write,dynamodb,4
383,92861.0,write,dynamodb,4
384,93088.0,write,dynamodb,4
385,93495.0,write,dynamodb,4
386,92989.0,write,dynamodb,4
387,93246.0,write,dynamodb,4
388,93525.0,write,dynamodb,4
389,93088.0,write,dynamodb,4
390,93041.0,write,dynamodb,4
391,92939.0,write,dynamodb,4
392,93641.0,write,dynamodb,4
393,92949.0,write,dynamodb,4
394,92982.0,write,dynamodb,4
395,92850.0,write,dynamodb,4
396,93445.0,write,dynamodb,4
397,93055.0,write,dynamodb,4
398,93611.0,write,dynamodb,4
399,93346.0,write,dynamodb,4
400,92910.0,write,dynamodb,4
401,93010.0,write,dynamodb,4
402,93583.0,write,dynamodb,4
403,92869.0,write,dynamodb,4
404,93278.0,write,dynamodb,4
405,92999.0,write,dynamodb,4
406,93242.0,write,dynamodb,4
407,93999.0,write,dynamodb,4
408,93239.0,write,dynamodb,4
409,93034.0,write,dynamodb,4
410,93170.0,write,dynamodb,4
411,93194.0,write,dynamodb,4
412,93228.0,write,dynamodb,4
413,92984.0,write,dynamodb,4
414,93033.0,write,dynamodb,4
415,92934.0,write,dynamodb,4
416,93143.0,write,dynamodb,4
417,93389.0,write,dynamodb,4
418,93337.0,write,dynamodb,4
419,93402.0,write,dynamodb,4
420,93206.0,write,dynamodb,4
421,93815.0,write,dynamodb,4
422,93256.0,write,dynamodb,4
423,93264.0,write,dynamodb,4
424,93681.0,write,dynamodb,4
425,93492.0,write,dynamodb,4
426,93089.0,write,dynamodb,4
427,92973.0,write,dynamodb,4
428,93060.0,write,dynamodb,4
429,93058.0,write,dynamodb,4
430,93190.0,write,dynamodb,4
431,93277.0,write,dynamodb,4
432,93197.0,write,dynamodb,4
433,93401.0,write,dynamodb,4
434,93133.0,write,dynamodb,4
435,93147.0,write,dynamodb,4
436,93102.0,write,dynamodb,4
437,93853.0,write,dynamodb,4
438,93538.0,write,dynamodb,4
439,93888.0,write,dynamodb,4
440,93316.0,write,dynamodb,4
441,93119.0,write,dynamodb,4
442,93102.0,write,dynamodb,4
443,93098.0,write,dynamodb,4
444,92889.0,write,dynamodb,4
445,93207.0,write,dynamodb,4
446,93070.0,write,dynamodb,4
447,93808.0,write,dynamodb,4
448,93501.0,write,dynamodb,4
449,93167.0,write,dynamodb,4
450,93910.0,write,dynamodb,4
451,92809.0,write,dynamodb,4
452,93340.0,write,dynamodb,4
453,93149.0,write,dynamodb,4
454,93294.0,write,dynamodb,4
455,93301.0,write,dynamodb,4
456,93184.0,write,dynamodb,4
457,93262.0,write,dynamodb,4
458,92997.0,write,dynamodb,4
459,93066.0,write,dynamodb,4
460,93687.0,write,dynamodb,4
461,93384.0,write,dynamodb,4
462,93157.0,write,dynamodb,4
463,93162.0,write,dynamodb,4
464,126094.0,write,dynamodb,4
465,93180.0,write,dynamodb,4
466,108388.0,write,dynamodb,4
467,93272.0,write,dynamodb,4
468,93491.0,write,dynamodb,4
469,93125.0,write,dynamodb,4
470,93487.0,write,dynamodb,4
471,93111.0,write,dynamodb,4
472,92802.0,write,dynamodb,4
473,92940.0,write,dynamodb,4
474,93704.0,write,dynamodb,4
475,93630.0,write,dynamodb,4
476,93456.0,write,dynamodb,4
477,94829.0,write,dynamodb,4
478,93410.0,write,dynamodb,4
479,93144.0,write,dynamodb,4
480,93925.0,write,dynamodb,4
481,93002.0,write,dynamodb,4
482,93114.0,write,dynamodb,4
483,93734.0,write,dynamodb,4
484,93474.0,write,dynamodb,4
485,93165.0,write,dynamodb,4
486,93224.0,write,dynamodb,4
487,93053.0,write,dynamodb,4
488,93116.0,write,dynamodb,4
489,92998.0,write,dynamodb,4
490,93055.0,write,dynamodb,4
491,93219.0,write,dynamodb,4
492,93264.0,write,dynamodb,4
493,92871.0,write,dynamodb,4
494,93417.0,write,dynamodb,4
495,93077.0,write,dynamodb,4
496,93015.0,write,dynamodb,4
497,93241.0,write,dynamodb,4
498,93544.0,write,dynamodb,4
499,93121.0,write,dynamodb,4
500,93130.0,write,dynamodb,4
501,93188.0,write,dynamodb,4
502,93284.0,write,dynamodb,4
503,93564.0,write,dynamodb,4
504,93203.0,write,dynamodb,4
505,95181.0,write,dynamodb,4
506,93277.0,write,dynamodb,4
507,93306.0,write,dynamodb,4
508,94500.0,write,dynamodb,4
509,93340.0,write,dynamodb,4
510,93841.0,write,dynamodb,4
511,94514.0,write,dynamodb,4
512,93137.0,write,dynamodb,4
513,93099.0,write,dynamodb,4
514,93216.0,write,dynamodb,4
515,93546.0,write,dynamodb,4
516,93523.0,write,dynamodb,4
517,93066.0,write,dynamodb,4
518,92991.0,write,dynamodb,4
519,93660.0,write,dynamodb,4
520,92934.0,write,dynamodb,4
521,92954.0,write,dynamodb,4
522,93723.0,write,dynamodb,4
523,93048.0,write,dynamodb,4
524,93017.0,write,dynamodb,4
525,93780.0,write,dynamodb,4
526,93309.0,write,dynamodb,4
527,93932.0,write,dynamodb,4
528,93714.0,write,dynamodb,4
529,93877.0,write,dynamodb,4
530,93906.0,write,dynamodb,4
531,94388.0,write,dynamodb,4
532,94677.0,write,dynamodb,4
533,93045.0,write,dynamodb,4
534,93272.0,write,dynamodb,4
535,93179.0,write,dynamodb,4
536,93460.0,write,dynamodb,4
537,93179.0,write,dynamodb,4
538,93148.0,write,dynamodb,4
539,93593.0,write,dynamodb,4
540,95752.0,write,dynamodb,4
541,93117.0,write,dynamodb,4
542,93325.0,write,dynamodb,4
543,93571.0,write,dynamodb,4
544,93489.0,write,dynamodb,4
545,93843.0,write,dynamodb,4
546,92913.0,write,dynamodb,4
547,93207.0,write,dynamodb,4
548,93598.0,write,dynamodb,4
549,93058.0,write,dynamodb,4
550,93022.0,write,dynamodb,4
551,93183.0,write,dynamodb,4
552,93209.0,write,dynamodb,4
553,93082.0,write,dynamodb,4
554,93063.0,write,dynamodb,4
555,93757.0,write,dynamodb,4
556,93248.0,write,dynamodb,4
557,92999.0,write,dynamodb,4
558,93462.0,write,dynamodb,4
559,92874.0,write,dynamodb,4
560,93097.0,write,dynamodb,4
561,93301.0,write,dynamodb,4
562,92891.0,write,dynamodb,4
563,93604.0,write,dynamodb,4
564,93040.0,write,dynamodb,4
565,93158.0,write,dynamodb,4
566,92859.0,write,dynamodb,4
567,93106.0,write,dynamodb,4
568,94025.0,write,dynamodb,4
569,93040.0,write,dynamodb,4
570,92998.0,write,dynamodb,4
571,92919.0,write,dynamodb,4
572,92922.0,write,dynamodb,4
573,93103.0,write,dynamodb,4
574,92900.0,write,dynamodb,4
575,93033.0,write,dynamodb,4
576,93537.0,write,dynamodb,4
577,93377.0,write,dynamodb,4
578,93396.0,write,dynamodb,4
579,93307.0,write,dynamodb,4
580,93485.0,write,dynamodb,4
581,93115.0,write,dynamodb,4
582,92971.0,write,dynamodb,4
583,94170.0,write,dynamodb,4
584,92961.0,write,dynamodb,4
585,93302.0,write,dynamodb,4
586,92963.0,write,dynamodb,4
587,93463.0,write,dynamodb,4
588,93000.0,write,dynamodb,4
589,93291.0,write,dynamodb,4
590,93005.0,write,dynamodb,4
591,92995.0,write,dynamodb,4
592,93489.0,write,dynamodb,4
593,92980.0,write,dynamodb,4
594,93105.0,write,dynamodb,4
595,93045.0,write,dynamodb,4
596,93167.0,write,dynamodb,4
597,92988.0,write,dynamodb,4
598,93229.0,write,dynamodb,4
599,93374.0,write,dynamodb,4
600,93115.0,write,dynamodb,4
601,96300.0,write,dynamodb,4
602,93034.0,write,dynamodb,4
603,92889.0,write,dynamodb,4
604,93207.0,write,dynamodb,4
605,93213.0,write,dynamodb,4
606,93298.0,write,dynamodb,4
607,92994.0,write,dynamodb,4
608,92950.0,write,dynamodb,4
609,93183.0,write,dynamodb,4
610,93315.0,write,dynamodb,4
611,93150.0,write,dynamodb,4
612,93071.0,write,dynamodb,4
613,93008.0,write,dynamodb,4
614,93268.0,write,dynamodb,4
615,93214.0,write,dynamodb,4
616,93402.0,write,dynamodb,4
617,93082.0,write,dynamodb,4
618,92959.0,write,dynamodb,4
619,93238.0,write,dynamodb,4
620,93082.0,write,dynamodb,4
621,93165.0,write,dynamodb,4
622,93445.0,write,dynamodb,4
623,93092.0,write,dynamodb,4
624,92940.0,write,dynamodb,4
625,93102.0,write,dynamodb,4
626,93128.0,write,dynamodb,4
627,92935.0,write,dynamodb,4
628,93296.0,write,dynamodb,4
629,93106.0,write,dynamodb,4
630,93035.0,write,dynamodb,4
631,93252.0,write,dynamodb,4
632,93062.0,write,dynamodb,4
633,93558.0,write,dynamodb,4
634,93962.0,write,dynamodb,4
635,93362.0,write,dynamodb,4
636,93215.0,write,dynamodb,4
637,94518.0,write,dynamodb,4
638,93053.0,write,dynamodb,4
639,93003.0,write,dynamodb,4
640,93279.0,write,dynamodb,4
641,93355.0,write,dynamodb,4
642,93012.0,write,dynamodb,4
643,93345.0,write,dynamodb,4
644,93310.0,write,dynamodb,4
645,93277.0,write,dynamodb,4
646,93212.0,write,dynamodb,4
647,93705.0,write,dynamodb,4
648,93713.0,write,dynamodb,4
649,93363.0,write,dynamodb,4
650,93334.0,write,dynamodb,4
651,93127.0,write,dynamodb,4
652,93307.0,write,dynamodb,4
653,93478.0,write,dynamodb,4
654,93452.0,write,dynamodb,4
655,93419.0,write,dynamodb,4
656,93250.0,write,dynamodb,4
657,92899.0,write,dynamodb,4
658,93115.0,write,dynamodb,4
659,93033.0,write,dynamodb,4
660,92999.0,write,dynamodb,4
661,93103.0,write,dynamodb,4
662,92848.0,write,dynamodb,4
663,93356.0,write,dynamodb,4
664,92889.0,write,dynamodb,4
665,93152.0,write,dynamodb,4
666,92898.0,write,dynamodb,4
667,92913.0,write,dynamodb,4
668,93102.0,write,dynamodb,4
669,92904.0,write,dynamodb,4
670,93101.0,write,dynamodb,4
671,92916.0,write,dynamodb,4
672,93049.0,write,dynamodb,4
673,93131.0,write,dynamodb,4
674,93037.0,write,dynamodb,4
675,93182.0,write,dynamodb,4
676,93154.0,write,dynamodb,4
677,93078.0,write,dynamodb,4
678,93086.0,write,dynamodb,4
679,93814.0,write,dynamodb,4
680,94331.0,write,dynamodb,4
681,93036.0,write,dynamodb,4
682,93332.0,write,dynamodb,4
683,92995.0,write,dynamodb,4
684,94138.0,write,dynamodb,4
685,92986.0,write,dynamodb,4
686,93158.0,write,dynamodb,4
687,92925.0,write,dynamodb,4
688,92802.0,write,dynamodb,4
689,92901.0,write,dynamodb,4
690,93025.0,write,dynamodb,4
691,93047.0,write,dynamodb,4
692,92935.0,write,dynamodb,4
693,93086.0,write,dynamodb,4
694,92940.0,write,dynamodb,4
695,93124.0,write,dynamodb,4
696,93234.0,write,dynamodb,4
697,92795.0,write,dynamodb,4
698,92923.0,write,dynamodb,4
699,93438.0,write,dynamodb,4
700,93113.0,write,dynamodb,4
701,93021.0,write,dynamodb,4
702,93039.0,write,dynamodb,4
703,93001.0,write,dynamodb,4
704,93147.0,write,dynamodb,4
705,92946.0,write,dynamodb,4
706,93059.0,write,dynamodb,4
707,92958.0,write,dynamodb,4
708,92970.0,write,dynamodb,4
709,93190.0,write,dynamodb,4
710,92779.0,write,dynamodb,4
711,93026.0,write,dynamodb,4
712,93275.0,write,dynamodb,4
713,93259.0,write,dynamodb,4
714,93036.0,write,dynamodb,4
715,93053.0,write,dynamodb,4
716,93091.0,write,dynamodb,4
717,92993.0,write,dynamodb,4
718,92855.0,write,dynamodb,4
719,93052.0,write,dynamodb,4
720,93419.0,write,dynamodb,4
721,93205.0,write,dynamodb,4
722,93240.0,write,dynamodb,4
723,93036.0,write,dynamodb,4
724,92992.0,write,dynamodb,4
725,92976.0,write,dynamodb,4
726,92997.0,write,dynamodb,4
727,93061.0,write,dynamodb,4
728,93143.0,write,dynamodb,4
729,93047.0,write,dynamodb,4
730,93174.0,write,dynamodb,4
731,93297.0,write,dynamodb,4
732,92984.0,write,dynamodb,4
733,93240.0,write,dynamodb,4
734,93007.0,write,dynamodb,4
735,93408.0,write,dynamodb,4
736,93039.0,write,dynamodb,4
737,93059.0,write,dynamodb,4
738,93298.0,write,dynamodb,4
739,93222.0,write,dynamodb,4
740,93018.0,write,dynamodb,4
741,93137.0,write,dynamodb,4
742,93150.0,write,dynamodb,4
743,93266.0,write,dynamodb,4
744,93637.0,write,dynamodb,4
745,93384.0,write,dynamodb,4
746,96217.0,write,dynamodb,4
747,93121.0,write,dynamodb,4
748,93173.0,write,dynamodb,4
749,93118.0,write,dynamodb,4
750,93284.0,write,dynamodb,4
751,92961.0,write,dynamodb,4
752,93030.0,write,dynamodb,4
753,93203.0,write,dynamodb,4
754,93141.0,write,dynamodb,4
755,93234.0,write,dynamodb,4
756,92998.0,write,dynamodb,4
757,92873.0,write,dynamodb,4
758,92879.0,write,dynamodb,4
759,92922.0,write,dynamodb,4
760,93572.0,write,dynamodb,4
761,92989.0,write,dynamodb,4
762,93312.0,write,dynamodb,4
763,93543.0,write,dynamodb,4
764,93216.0,write,dynamodb,4
765,93321.0,write,dynamodb,4
766,93822.0,write,dynamodb,4
767,93778.0,write,dynamodb,4
768,93790.0,write,dynamodb,4
769,93591.0,write,dynamodb,4
770,93209.0,write,dynamodb,4
771,93148.0,write,dynamodb,4
772,93113.0,write,dynamodb,4
773,93185.0,write,dynamodb,4
774,93380.0,write,dynamodb,4
775,93353.0,write,dynamodb,4
776,93450.0,write,dynamodb,4
777,93091.0,write,dynamodb,4
778,93485.0,write,dynamodb,4
779,92989.0,write,dynamodb,4
780,94332.0,write,dynamodb,4
781,94658.0,write,dynamodb,4
782,93208.0,write,dynamodb,4
783,92991.0,write,dynamodb,4
784,92892.0,write,dynamodb,4
785,92990.0,write,dynamodb,4
786,94902.0,write,dynamodb,4
787,93747.0,write,dynamodb,4
788,93058.0,write,dynamodb,4
789,93005.0,write,dynamodb,4
790,93224.0,write,dynamodb,4
791,93411.0,write,dynamodb,4
792,92863.0,write,dynamodb,4
793,93549.0,write,dynamodb,4
794,93412.0,write,dynamodb,4
795,93056.0,write,dynamodb,4
796,93521.0,write,dynamodb,4
797,92963.0,write,dynamodb,4
798,93897.0,write,dynamodb,4
799,93982.0,write,dynamodb,4
800,94465.0,write,dynamodb,4
801,93066.0,write,dynamodb,4
802,93087.0,write,dynamodb,4
803,93490.0,write,dynamodb,4
804,93229.0,write,dynamodb,4
805,92969.0,write,dynamodb,4
806,93331.0,write,dynamodb,4
807,93323.0,write,dynamodb,4
808,93836.0,write,dynamodb,4
809,93930.0,write,dynamodb,4
810,95673.0,write,dynamodb,4
811,93610.0,write,dynamodb,4
812,93624.0,write,dynamodb,4
813,93425.0,write,dynamodb,4
814,93613.0,write,dynamodb,4
815,93306.0,write,dynamodb,4
816,93027.0,write,dynamodb,4
817,92989.0,write,dynamodb,4
818,93580.0,write,dynamodb,4
819,93032.0,write,dynamodb,4
820,93073.0,write,dynamodb,4
821,93370.0,write,dynamodb,4
822,93151.0,write,dynamodb,4
823,93572.0,write,dynamodb,4
824,93148.0,write,dynamodb,4
825,93028.0,write,dynamodb,4
826,93126.0,write,dynamodb,4
827,93308.0,write,dynamodb,4
828,93128.0,write,dynamodb,4
829,93368.0,write,dynamodb,4
830,93159.0,write,dynamodb,4
831,93032.0,write,dynamodb,4
832,93322.0,write,dynamodb,4
833,93291.0,write,dynamodb,4
834,93091.0,write,dynamodb,4
835,93912.0,write,dynamodb,4
836,92801.0,write,dynamodb,4
837,93486.0,write,dynamodb,4
838,93194.0,write,dynamodb,4
839,93040.0,write,dynamodb,4
840,93950.0,write,dynamodb,4
841,93381.0,write,dynamodb,4
842,93170.0,write,dynamodb,4
843,92895.0,write,dynamodb,4
844,93454.0,write,dynamodb,4
845,92931.0,write,dynamodb,4
846,92881.0,write,dynamodb,4
847,92811.0,write,dynamodb,4
848,92748.0,write,dynamodb,4
849,93177.0,write,dynamodb,4
850,92698.0,write,dynamodb,4
851,94357.0,write,dynamodb,4
852,93327.0,write,dynamodb,4
853,93392.0,write,dynamodb,4
854,92967.0,write,dynamodb,4
855,92888.0,write,dynamodb,4
856,93256.0,write,dynamodb,4
857,92885.0,write,dynamodb,4
858,93150.0,write,dynamodb,4
859,93009.0,write,dynamodb,4
860,93488.0,write,dynamodb,4
861,94027.0,write,dynamodb,4
862,92998.0,write,dynamodb,4
863,93194.0,write,dynamodb,4
864,94393.0,write,dynamodb,4
865,92970.0,write,dynamodb,4
866,92719.0,write,dynamodb,4
867,92891.0,write,dynamodb,4
868,93077.0,write,dynamodb,4
869,93160.0,write,dynamodb,4
870,92811.0,write,dynamodb,4
871,93182.0,write,dynamodb,4
872,93099.0,write,dynamodb,4
873,92747.0,write,dynamodb,4
874,92978.0,write,dynamodb,4
875,92979.0,write,dynamodb,4
876,92879.0,write,dynamodb,4
877,92709.0,write,dynamodb,4
878,93001.0,write,dynamodb,4
879,93197.0,write,dynamodb,4
880,92771.0,write,dynamodb,4
881,93190.0,write,dynamodb,4
882,93046.0,write,dynamodb,4
883,92687.0,write,dynamodb,4
884,92811.0,write,dynamodb,4
885,92736.0,write,dynamodb,4
886,93387.0,write,dynamodb,4
887,93050.0,write,dynamodb,4
888,93196.0,write,dynamodb,4
889,92994.0,write,dynamodb,4
890,92822.0,write,dynamodb,4
891,93090.0,write,dynamodb,4
892,92824.0,write,dynamodb,4
893,92810.0,write,dynamodb,4
894,92919.0,write,dynamodb,4
895,94294.0,write,dynamodb,4
896,93258.0,write,dynamodb,4
897,92930.0,write,dynamodb,4
898,93051.0,write,dynamodb,4
899,92944.0,write,dynamodb,4
900,92831.0,write,dynamodb,4
901,92772.0,write,dynamodb,4
902,92876.0,write,dynamodb,4
903,93047.0,write,dynamodb,4
904,93057.0,write,dynamodb,4
905,92952.0,write,dynamodb,4
906,92786.0,write,dynamodb,4
907,93650.0,write,dynamodb,4
908,93235.0,write,dynamodb,4
909,92933.0,write,dynamodb,4
910,112173.0,write,dynamodb,4
911,92789.0,write,dynamodb,4
912,92918.0,write,dynamodb,4
913,92834.0,write,dynamodb,4
914,92674.0,write,dynamodb,4
915,92847.0,write,dynamodb,4
916,92870.0,write,dynamodb,4
917,92801.0,write,dynamodb,4
918,92870.0,write,dynamodb,4
919,93012.0,write,dynamodb,4
920,93097.0,write,dynamodb,4
921,92852.0,write,dynamodb,4
922,93365.0,write,dynamodb,4
923,93087.0,write,dynamodb,4
924,95674.0,write,dynamodb,4
925,93459.0,write,dynamodb,4
926,93143.0,write,dynamodb,4
927,93125.0,write,dynamodb,4
928,92769.0,write,dynamodb,4
929,93319.0,write,dynamodb,4
930,92782.0,write,dynamodb,4
931,93176.0,write,dynamodb,4
932,93292.0,write,dynamodb,4
933,93759.0,write,dynamodb,4
934,93065.0,write,dynamodb,4
935,92939.0,write,dynamodb,4
936,93105.0,write,dynamodb,4
937,93823.0,write,dynamodb,4
938,95411.0,write,dynamodb,4
939,92814.0,write,dynamodb,4
940,93289.0,write,dynamodb,4
941,93644.0,write,dynamodb,4
942,93224.0,write,dynamodb,4
943,93719.0,write,dynamodb,4
944,93093.0,write,dynamodb,4
945,92894.0,write,dynamodb,4
946,92859.0,write,dynamodb,4
947,93045.0,write,dynamodb,4
948,93191.0,write,dynamodb,4
949,92953.0,write,dynamodb,4
950,93984.0,write,dynamodb,4
951,93568.0,write,dynamodb,4
952,92924.0,write,dynamodb,4
953,92922.0,write,dynamodb,4
954,94099.0,write,dynamodb,4
955,93007.0,write,dynamodb,4
956,93017.0,write,dynamodb,4
957,92730.0,write,dynamodb,4
958,92758.0,write,dynamodb,4
959,92922.0,write,dynamodb,4
960,93048.0,write,dynamodb,4
961,93212.0,write,dynamodb,4
962,92910.0,write,dynamodb,4
963,93639.0,write,dynamodb,4
964,93104.0,write,dynamodb,4
965,93080.0,write,dynamodb,4
966,93104.0,write,dynamodb,4
967,94286.0,write,dynamodb,4
968,92727.0,write,dynamodb,4
969,98655.0,write,dynamodb,4
970,92985.0,write,dynamodb,4
971,92921.0,write,dynamodb,4
972,92961.0,write,dynamodb,4
973,92839.0,write,dynamodb,4
974,92880.0,write,dynamodb,4
975,92701.0,write,dynamodb,4
976,93098.0,write,dynamodb,4
977,92791.0,write,dynamodb,4
978,94099.0,write,dynamodb,4
979,92809.0,write,dynamodb,4
980,96927.0,write,dynamodb,4
981,92923.0,write,dynamodb,4
982,92722.0,write,dynamodb,4
983,92956.0,write,dynamodb,4
984,92813.0,write,dynamodb,4
985,92949.0,write,dynamodb,4
986,92769.0,write,dynamodb,4
987,92815.0,write,dynamodb,4
988,92868.0,write,dynamodb,4
989,95393.0,write,dynamodb,4
990,93620.0,write,dynamodb,4
991,94189.0,write,dynamodb,4
992,92828.0,write,dynamodb,4
993,92933.0,write,dynamodb,4
994,92831.0,write,dynamodb,4
995,92766.0,write,dynamodb,4
996,92735.0,write,dynamodb,4
997,93258.0,write,dynamodb,4
998,92791.0,write,dynamodb,4
999,99347.0,write,dynamodb,4
1000,1000.0,write_capacity,dynamodb,4
1001,92740.0,read,dynamodb,4
1002,92617.0,read,dynamodb,4
1003,92747.0,read,dynamodb,4
1004,92557.0,read,dynamodb,4
1005,92794.0,read,dynamodb,4
1006,92574.0,read,dynamodb,4
1007,92882.0,read,dynamodb,4
1008,92803.0,read,dynamodb,4
1009,92709.0,read,dynamodb,4
1010,104743.0,read,dynamodb,4
1011,92742.0,read,dynamodb,4
1012,92889.0,read,dynamodb,4
1013,92983.0,read,dynamodb,4
1014,92958.0,read,dynamodb,4
1015,92709.0,read,dynamodb,4
1016,92687.0,read,dynamodb,4
1017,92831.0,read,dynamodb,4
1018,92641.0,read,dynamodb,4
1019,92676.0,read,dynamodb,4
1020,92612.0,read,dynamodb,4
1021,92924.0,read,dynamodb,4
1022,93612.0,read,dynamodb,4
1023,92732.0,read,dynamodb,4
1024,93123.0,read,dynamodb,4
1025,92840.0,read,dynamodb,4
1026,92875.0,read,dynamodb,4
1027,92630.0,read,dynamodb,4
1028,92763.0,read,dynamodb,4
1029,92653.0,read,dynamodb,4
1030,92578.0,read,dynamodb,4
1031,92718.0,read,dynamodb,4
1032,92693.0,read,dynamodb,4
1033,92665.0,read,dynamodb,4
1034,92541.0,read,dynamodb,4
1035,92724.0,read,dynamodb,4
1036,92772.0,read,dynamodb,4
1037,92795.0,read,dynamodb,4
1038,92769.0,read,dynamodb,4
1039,92561.0,read,dynamodb,4
1040,92651.0,read,dynamodb,4
1041,92636.0,read,dynamodb,4
1042,93242.0,read,dynamodb,4
1043,92642.0,read,dynamodb,4
1044,92696.0,read,dynamodb,4
1045,92571.0,read,dynamodb,4
1046,92590.0,read,dynamodb,4
1047,92737.0,read,dynamodb,4
1048,93427.0,read,dynamodb,4
1049,92761.0,read,dynamodb,4
1050,92553.0,read,dynamodb,4
1051,92646.0,read,dynamodb,4
1052,92810.0,read,dynamodb,4
1053,92633.0,read,dynamodb,4
1054,92886.0,read,dynamodb,4
1055,92589.0,read,dynamodb,4
1056,93425.0,read,dynamodb,4
1057,92630.0,read,dynamodb,4
1058,92729.0,read,dynamodb,4
1059,92776.0,read,dynamodb,4
1060,93584.0,read,dynamodb,4
1061,92708.0,read,dynamodb,4
1062,92668.0,read,dynamodb,4
1063,93097.0,read,dynamodb,4
1064,92603.0,read,dynamodb,4
1065,92806.0,read,dynamodb,4
1066,92952.0,read,dynamodb,4
1067,92708.0,read,dynamodb,4
1068,92653.0,read,dynamodb,4
1069,92518.0,read,dynamodb,4
1070,92629.0,read,dynamodb,4
1071,92635.0,read,dynamodb,4
1072,92783.0,read,dynamodb,4
1073,92788.0,read,dynamodb,4
1074,92918.0,read,dynamodb,4
1075,94004.0,read,dynamodb,4
1076,92611.0,read,dynamodb,4
1077,93105.0,read,dynamodb,4
1078,92599.0,read,dynamodb,4
1079,93039.0,read,dynamodb,4
1080,92729.0,read,dynamodb,4
1081,92592.0,read,dynamodb,4
1082,92963.0,read,dynamodb,4
1083,93696.0,read,dynamodb,4
1084,92445.0,read,dynamodb,4
1085,96757.0,read,dynamodb,4
1086,93083.0,read,dynamodb,4
1087,95185.0,read,dynamodb,4
1088,92664.0,read,dynamodb,4
1089,93670.0,read,dynamodb,4
1090,92609.0,read,dynamodb,4
1091,92728.0,read,dynamodb,4
1092,93026.0,read,dynamodb,4
1093,92637.0,read,dynamodb,4
1094,92636.0,read,dynamodb,4
1095,92600.0,read,dynamodb,4
1096,92609.0,read,dynamodb,4
1097,92898.0,read,dynamodb,4
1098,92765.0,read,dynamodb,4
1099,93082.0,read,dynamodb,4
1100,93155.0,read,dynamodb,4
1101,92709.0,read,dynamodb,4
1102,93141.0,read,dynamodb,4
1103,92593.0,read,dynamodb,4
1104,92727.0,read,dynamodb,4
1105,92660.0,read,dynamodb,4
1106,92857.0,read,dynamodb,4
1107,92970.0,read,dynamodb,4
1108,92676.0,read,dynamodb,4
1109,93025.0,read,dynamodb,4
1110,92824.0,read,dynamodb,4
1111,93233.0,read,dynamodb,4
1112,92589.0,read,dynamodb,4
1113,92686.0,read,dynamodb,4
1114,92709.0,read,dynamodb,4
1115,92758.0,read,dynamodb,4
1116,92851.0,read,dynamodb,4
1117,92550.0,read,dynamodb,4
1118,93320.0,read,dynamodb,4
1119,92926.0,read,dynamodb,4
1120,94123.0,read,dynamodb,4
1121,92574.0,read,dynamodb,4
1122,93133.0,read,dynamodb,4
1123,92653.0,read,dynamodb,4
1124,92809.0,read,dynamodb,4
1125,92754.0,read,dynamodb,4
1126,94760.0,read,dynamodb,4
1127,92593.0,read,dynamodb,4
1128,92618.0,read,dynamodb,4
1129,92831.0,read,dynamodb,4
1130,95075.0,read,dynamodb,4
1131,92952.0,read,dynamodb,4
1132,92537.0,read,dynamodb,4
1133,93289.0,read,dynamodb,4
1134,92723.0,read,dynamodb,4
1135,92674.0,read,dynamodb,4
1136,92813.0,read,dynamodb,4
1137,92645.0,read,dynamodb,4
1138,92639.0,read,dynamodb,4
1139,92645.0,read,dynamodb,4
1140,92466.0,read,dynamodb,4
1141,92510.0,read,dynamodb,4
1142,92917.0,read,dynamodb,4
1143,92922.0,read,dynamodb,4
1144,93069.0,read,dynamodb,4
1145,92632.0,read,dynamodb,4
1146,92597.0,read,dynamodb,4
1147,92917.0,read,dynamodb,4
1148,92793.0,read,dynamodb,4
1149,92722.0,read,dynamodb,4
1150,92557.0,read,dynamodb,4
1151,92949.0,read,dynamodb,4
1152,92606.0,read,dynamodb,4
1153,92904.0,read,dynamodb,4
1154,93223.0,read,dynamodb,4
1155,92801.0,read,dynamodb,4
1156,92615.0,read,dynamodb,4
1157,93023.0,read,dynamodb,4
1158,92954.0,read,dynamodb,4
1159,92825.0,read,dynamodb,4
1160,92754.0,read,dynamodb,4
1161,92944.0,read,dynamodb,4
1162,92752.0,read,dynamodb,4
1163,92616.0,read,dynamodb,4
1164,92660.0,read,dynamodb,4
1165,92793.0,read,dynamodb,4
1166,92918.0,read,dynamodb,4
1167,92984.0,read,dynamodb,4
1168,93724.0,read,dynamodb,4
1169,92917.0,read,dynamodb,4
1170,92999.0,read,dynamodb,4
1171,92901.0,read,dynamodb,4
1172,92772.0,read,dynamodb,4
1173,92638.0,read,dynamodb,4
1174,92786.0,read,dynamodb,4
1175,92701.0,read,dynamodb,4
1176,95249.0,read,dynamodb,4
1177,92604.0,read,dynamodb,4
1178,92537.0,read,dynamodb,4
1179,93978.0,read,dynamodb,4
1180,92659.0,read,dynamodb,4
1181,92651.0,read,dynamodb,4
1182,92730.0,read,dynamodb,4
1183,92917.0,read,dynamodb,4
1184,93135.0,read,dynamodb,4
1185,92697.0,read,dynamodb,4
1186,92769.0,read,dynamodb,4
1187,92985.0,read,dynamodb,4
1188,93033.0,read,dynamodb,4
1189,92662.0,read,dynamodb,4
1190,92622.0,read,dynamodb,4
1191,92785.0,read,dynamodb,4
1192,97490.0,read,dynamodb,4
1193,92738.0,read,dynamodb,4
1194,92581.0,read,dynamodb,4
1195,92689.0,read,dynamodb,4
1196,92715.0,read,dynamodb,4
1197,93226.0,read,dynamodb,4
1198,92911.0,read,dynamodb,4
1199,92702.0,read,dynamodb,4
1200,92674.0,read,dynamodb,4
1201,93621.0,read,dynamodb,4
1202,92664.0,read,dynamodb,4
1203,92440.0,read,dynamodb,4
1204,92731.0,read,dynamodb,4
1205,92587.0,read,dynamodb,4
1206,93036.0,read,dynamodb,4
1207,92825.0,read,dynamodb,4
1208,93171.0,read,dynamodb,4
1209,93074.0,read,dynamodb,4
1210,93036.0,read,dynamodb,4
1211,92785.0,read,dynamodb,4
1212,93830.0,read,dynamodb,4
1213,93248.0,read,dynamodb,4
1214,92754.0,read,dynamodb,4
1215,93844.0,read,dynamodb,4
1216,93088.0,read,dynamodb,4
1217,92971.0,read,dynamodb,4
1218,92565.0,read,dynamodb,4
1219,92896.0,read,dynamodb,4
1220,92730.0,read,dynamodb,4
1221,94992.0,read,dynamodb,4
1222,92651.0,read,dynamodb,4
1223,93325.0,read,dynamodb,4
1224,92848.0,read,dynamodb,4
1225,92677.0,read,dynamodb,4
1226,92847.0,read,dynamodb,4
1227,92715.0,read,dynamodb,4
1228,93201.0,read,dynamodb,4
1229,92659.0,read,dynamodb,4
1230,94431.0,read,dynamodb,4
1231,93850.0,read,dynamodb,4
1232,92702.0,read,dynamodb,4
1233,92956.0,read,dynamodb,4
1234,92680.0,read,dynamodb,4
1235,92908.0,read,dynamodb,4
1236,92556.0,read,dynamodb,4
1237,93190.0,read,dynamodb,4
1238,93340.0,read,dynamodb,4
1239,92674.0,read,dynamodb,4
1240,92558.0,read,dynamodb,4
1241,92534.0,read,dynamodb,4
1242,92565.0,read,dynamodb,4
1243,92792.0,read,dynamodb,4
1244,92482.0,read,dynamodb,4
1245,92658.0,read,dynamodb,4
1246,92519.0,read,dynamodb,4
1247,92721.0,read,dynamodb,4
1248,92573.0,read,dynamodb,4
1249,93124.0,read,dynamodb,4
1250,92661.0,read,dynamodb,4
1251,92846.0,read,dynamodb,4
1252,92691.0,read,dynamodb,4
1253,92805.0,read,dynamodb,4
1254,93609.0,read,dynamodb,4
1255,92875.0,read,dynamodb,4
1256,92575.0,read,dynamodb,4
1257,92628.0,read,dynamodb,4
1258,92642.0,read,dynamodb,4
1259,92623.0,read,dynamodb,4
1260,92931.0,read,dynamodb,4
1261,92838.0,read,dynamodb,4
1262,92633.0,read,dynamodb,4
1263,92699.0,read,dynamodb,4
1264,94094.0,read,dynamodb,4
1265,93035.0,read,dynamodb,4
1266,93211.0,read,dynamodb,4
1267,93024.0,read,dynamodb,4
1268,92750.0,read,dynamodb,4
1269,93380.0,read,dynamodb,4
1270,92861.0,read,dynamodb,4
1271,92627.0,read,dynamodb,4
1272,92605.0,read,dynamodb,4
1273,93213.0,read,dynamodb,4
1274,92705.0,read,dynamodb,4
1275,92605.0,read,dynamodb,4
1276,92967.0,read,dynamodb,4
1277,92594.0,read,dynamodb,4
1278,92608.0,read,dynamodb,4
1279,92646.0,read,dynamodb,4
1280,92692.0,read,dynamodb,4
1281,92673.0,read,dynamodb,4
1282,92709.0,read,dynamodb,4
1283,119069.0,read,dynamodb,4
1284,92772.0,read,dynamodb,4
1285,92705.0,read,dynamodb,4
1286,92630.0,read,dynamodb,4
1287,92668.0,read,dynamodb,4
1288,93275.0,read,dynamodb,4
1289,93508.0,read,dynamodb,4
1290,93159.0,read,dynamodb,4
1291,92694.0,read,dynamodb,4
1292,93199.0,read,dynamodb,4
1293,92738.0,read,dynamodb,4
1294,93198.0,read,dynamodb,4
1295,92476.0,read,dynamodb,4
1296,92597.0,read,dynamodb,4
1297,92654.0,read,dynamodb,4
1298,92782.0,read,dynamodb,4
1299,93379.0,read,dynamodb,4
1300,93048.0,read,dynamodb,4
1301,92625.0,read,dynamodb,4
1302,93332.0,read,dynamodb,4
1303,92716.0,read,dynamodb,4
1304,92442.0,read,dynamodb,4
1305,92510.0,read,dynamodb,4
1306,92536.0,read,dynamodb,4
1307,92577.0,read,dynamodb,4
1308,92529.0,read,dynamodb,4
1309,92708.0,read,dynamodb,4
1310,92595.0,read,dynamodb,4
1311,92529.0,read,dynamodb,4
1312,92638.0,read,dynamodb,4
1313,92624.0,read,dynamodb,4
1314,92943.0,read,dynamodb,4
1315,93185.0,read,dynamodb,4
1316,92834.0,read,dynamodb,4
1317,92733.0,read,dynamodb,4
1318,93642.0,read,dynamodb,4
1319,93134.0,read,dynamodb,4
1320,92723.0,read,dynamodb,4
1321,92537.0,read,dynamodb,4
1322,93066.0,read,dynamodb,4
1323,92705.0,read,dynamodb,4
1324,92559.0,read,dynamodb,4
1325,92973.0,read,dynamodb,4
1326,92595.0,read,dynamodb,4
1327,92771.0,read,dynamodb,4
1328,92760.0,read,dynamodb,4
1329,92703.0,read,dynamodb,4
1330,92608.0,read,dynamodb,4
1331,92727.0,read,dynamodb,4
1332,92885.0,read,dynamodb,4
1333,92634.0,read,dynamodb,4
1334,93203.0,read,dynamodb,4
1335,92711.0,read,dynamodb,4
1336,92685.0,read,dynamodb,4
1337,92648.0,read,dynamodb,4
1338,92634.0,read,dynamodb,4
1339,92714.0,read,dynamodb,4
1340,92518.0,read,dynamodb,4
1341,92655.0,read,dynamodb,4
1342,92848.0,read,dynamodb,4
1343,92892.0,read,dynamodb,4
1344,92802.0,read,dynamodb,4
1345,93095.0,read,dynamodb,4
1346,92857.0,read,dynamodb,4
1347,93199.0,read,dynamodb,4
1348,92734.0,read,dynamodb,4
1349,92775.0,read,dynamodb,4
1350,93525.0,read,dynamodb,4
1351,92937.0,read,dynamodb,4
1352,92628.0,read,dynamodb,4
1353,92686.0,read,dynamodb,4
1354,93139.0,read,dynamodb,4
1355,92724.0,read,dynamodb,4
1356,92971.0,read,dynamodb,4
1357,92552.0,read,dynamodb,4
1358,93002.0,read,dynamodb,4
1359,92733.0,read,dynamodb,4
1360,92659.0,read,dynamodb,4
1361,92601.0,read,dynamodb,4
1362,93444.0,read,dynamodb,4
1363,92583.0,read,dynamodb,4
1364,92612.0,read,dynamodb,4
1365,92695.0,read,dynamodb,4
1366,93143.0,read,dynamodb,4
1367,93093.0,read,dynamodb,4
1368,92541.0,read,dynamodb,4
1369,92628.0,read,dynamodb,4
1370,92809.0,read,dynamodb,4
1371,92723.0,read,dynamodb,4
1372,92871.0,read,dynamodb,4
1373,93063.0,read,dynamodb,4
1374,92531.0,read,dynamodb,4
1375,92767.0,read,dynamodb,4
1376,92583.0,read,dynamodb,4
1377,93231.0,read,dynamodb,4
1378,92724.0,read,dynamodb,4
1379,92533.0,read,dynamodb,4
1380,92540.0,read,dynamodb,4
1381,92652.0,read,dynamodb,4
1382,92654.0,read,dynamodb,4
1383,93070.0,read,dynamodb,4
1384,92602.0,read,dynamodb,4
1385,93036.0,read,dynamodb,4
1386,92651.0,read,dynamodb,4
1387,92695.0,read,dynamodb,4
1388,96273.0,read,dynamodb,4
1389,93236.0,read,dynamodb,4
1390,92647.0,read,dynamodb,4
1391,92621.0,read,dynamodb,4
1392,92658.0,read,dynamodb,4
1393,92725.0,read,dynamodb,4
1394,92854.0,read,dynamodb,4
1395,93104.0,read,dynamodb,4
1396,93631.0,read,dynamodb,4
1397,93180.0,read,dynamodb,4
1398,96321.0,read,dynamodb,4
1399,92852.0,read,dynamodb,4
1400,93463.0,read,dynamodb,4
1401,92617.0,read,dynamodb,4
1402,92613.0,read,dynamodb,4
1403,92596.0,read,dynamodb,4
1404,92851.0,read,dynamodb,4
1405,92549.0,read,dynamodb,4
1406,92656.0,read,dynamodb,4
1407,92948.0,read,dynamodb,4
1408,92766.0,read,dynamodb,4
1409,94126.0,read,dynamodb,4
1410,92711.0,read,dynamodb,4
1411,94251.0,read,dynamodb,4
1412,93528.0,read,dynamodb,4
1413,92842.0,read,dynamodb,4
1414,92611.0,read,dynamodb,4
1415,92904.0,read,dynamodb,4
1416,93961.0,read,dynamodb,4
1417,92734.0,read,dynamodb,4
1418,92593.0,read,dynamodb,4
1419,93384.0,read,dynamodb,4
1420,92575.0,read,dynamodb,4
1421,92898.0,read,dynamodb,4
1422,92569.0,read,dynamodb,4
1423,92798.0,read,dynamodb,4
1424,92550.0,read,dynamodb,4
1425,92768.0,read,dynamodb,4
1426,93296.0,read,dynamodb,4
1427,92538.0,read,dynamodb,4
1428,92644.0,read,dynamodb,4
1429,92986.0,read,dynamodb,4
1430,92642.0,read,dynamodb,4
1431,93399.0,read,dynamodb,4
1432,94398.0,read,dynamodb,4
1433,92766.0,read,dynamodb,4
1434,92929.0,read,dynamodb,4
1435,92591.0,read,dynamodb,4
1436,92582.0,read,dynamodb,4
1437,92496.0,read,dynamodb,4
1438,93611.0,read,dynamodb,4
1439,92601.0,read,dynamodb,4
1440,92790.0,read,dynamodb,4
1441,92700.0,read,dynamodb,4
1442,92867.0,read,dynamodb,4
1443,92600.0,read,dynamodb,4
1444,92679.0,read,dynamodb,4
1445,92572.0,read,dynamodb,4
1446,92458.0,read,dynamodb,4
1447,92832.0,read,dynamodb,4
1448,92694.0,read,dynamodb,4
1449,92545.0,read,dynamodb,4
1450,92728.0,read,dynamodb,4
1451,92867.0,read,dynamodb,4
1452,92502.0,read,dynamodb,4
1453,92534.0,read,dynamodb,4
1454,94550.0,read,dynamodb,4
1455,92473.0,read,dynamodb,4
1456,92920.0,read,dynamodb,4
1457,92732.0,read,dynamodb,4
1458,92555.0,read,dynamodb,4
1459,92598.0,read,dynamodb,4
1460,93604.0,read,dynamodb,4
1461,93566.0,read,dynamodb,4
1462,93049.0,read,dynamodb,4
1463,92970.0,read,dynamodb,4
1464,93348.0,read,dynamodb,4
1465,93218.0,read,dynamodb,4
1466,93851.0,read,dynamodb,4
1467,92791.0,read,dynamodb,4
1468,93625.0,read,dynamodb,4
1469,92920.0,read,dynamodb,4
1470,93251.0,read,dynamodb,4
1471,92910.0,read,dynamodb,4
1472,92924.0,read,dynamodb,4
1473,93408.0,read,dynamodb,4
1474,93133.0,read,dynamodb,4
1475,92682.0,read,dynamodb,4
1476,92858.0,read,dynamodb,4
1477,92569.0,read,dynamodb,4
1478,92775.0,read,dynamodb,4
1479,92701.0,read,dynamodb,4
1480,92581.0,read,dynamodb,4
1481,92618.0,read,dynamodb,4
1482,93151.0,read,dynamodb,4
1483,102077.0,read,dynamodb,4
1484,92693.0,read,dynamodb,4
1485,95447.0,read,dynamodb,4
1486,92565.0,read,dynamodb,4
1487,92719.0,read,dynamodb,4
1488,92489.0,read,dynamodb,4
1489,92565.0,read,dynamodb,4
1490,92551.0,read,dynamodb,4
1491,92927.0,read,dynamodb,4
1492,92707.0,read,dynamodb,4
1493,92675.0,read,dynamodb,4
1494,92934.0,read,dynamodb,4
1495,92576.0,read,dynamodb,4
1496,92650.0,read,dynamodb,4
1497,92866.0,read,dynamodb,4
1498,92729.0,read,dynamodb,4
1499,92701.0,read,dynamodb,4
1500,92970.0,read,dynamodb,4
1501,92830.0,read,dynamodb,4
1502,92758.0,read,dynamodb,4
1503,92698.0,read,dynamodb,4
1504,93030.0,read,dynamodb,4
1505,92566.0,read,dynamodb,4
1506,92568.0,read,dynamodb,4
1507,93661.0,read,dynamodb,4
1508,93228.0,read,dynamodb,4
1509,92804.0,read,dynamodb,4
1510,92539.0,read,dynamodb,4
1511,93604.0,read,dynamodb,4
1512,92633.0,read,dynamodb,4
1513,92919.0,read,dynamodb,4
1514,92839.0,read,dynamodb,4
1515,92730.0,read,dynamodb,4
1516,92953.0,read,dynamodb,4
1517,92579.0,read,dynamodb,4
1518,92817.0,read,dynamodb,4
1519,92620.0,read,dynamodb,4
1520,92690.0,read,dynamodb,4
1521,92643.0,read,dynamodb,4
1522,92704.0,read,dynamodb,4
1523,92577.0,read,dynamodb,4
1524,92696.0,read,dynamodb,4
1525,92711.0,read,dynamodb,4
1526,92563.0,read,dynamodb,4
1527,92929.0,read,dynamodb,4
1528,92502.0,read,dynamodb,4
1529,93077.0,read,dynamodb,4
1530,92865.0,read,dynamodb,4
1531,92541.0,read,dynamodb,4
1532,92511.0,read,dynamodb,4
1533,92859.0,read,dynamodb,4
1534,92610.0,read,dynamodb,4
1535,93234.0,read,dynamodb,4
1536,92560.0,read,dynamodb,4
1537,93090.0,read,dynamodb,4
1538,92611.0,read,dynamodb,4
1539,92815.0,read,dynamodb,4
1540,92672.0,read,dynamodb,4
1541,92798.0,read,dynamodb,4
1542,92691.0,read,dynamodb,4
1543,92655.0,read,dynamodb,4
1544,92588.0,read,dynamodb,4
1545,92775.0,read,dynamodb,4
1546,92717.0,read,dynamodb,4
1547,92885.0,read,dynamodb,4
1548,93127.0,read,dynamodb,4
1549,93105.0,read,dynamodb,4
1550,92560.0,read,dynamodb,4
1551,92508.0,read,dynamodb,4
1552,92714.0,read,dynamodb,4
1553,92720.0,read,dynamodb,4
1554,92720.0,read,dynamodb,4
1555,93231.0,read,dynamodb,4
1556,92494.0,read,dynamodb,4
1557,92536.0,read,dynamodb,4
1558,92702.0,read,dynamodb,4
1559,92833.0,read,dynamodb,4
1560,92616.0,read,dynamodb,4
1561,93099.0,read,dynamodb,4
1562,92735.0,read,dynamodb,4
1563,93119.0,read,dynamodb,4
1564,94883.0,read,dynamodb,4
1565,93197.0,read,dynamodb,4
1566,92879.0,read,dynamodb,4
1567,93211.0,read,dynamodb,4
1568,92990.0,read,dynamodb,4
1569,92836.0,read,dynamodb,4
1570,93312.0,read,dynamodb,4
1571,92969.0,read,dynamodb,4
1572,92625.0,read,dynamodb,4
1573,92794.0,read,dynamodb,4
1574,93052.0,read,dynamodb,4
1575,94281.0,read,dynamodb,4
1576,94746.0,read,dynamodb,4
1577,92690.0,read,dynamodb,4
1578,92584.0,read,dynamodb,4
1579,92678.0,read,dynamodb,4
1580,92768.0,read,dynamodb,4
1581,92623.0,read,dynamodb,4
1582,92756.0,read,dynamodb,4
1583,92966.0,read,dynamodb,4
1584,92816.0,read,dynamodb,4
1585,92749.0,read,dynamodb,4
1586,92948.0,read,dynamodb,4
1587,102912.0,read,dynamodb,4
1588,92975.0,read,dynamodb,4
1589,92832.0,read,dynamodb,4
1590,93207.0,read,dynamodb,4
1591,103513.0,read,dynamodb,4
1592,93823.0,read,dynamodb,4
1593,93063.0,read,dynamodb,4
1594,92752.0,read,dynamodb,4
1595,92758.0,read,dynamodb,4
1596,92766.0,read,dynamodb,4
1597,92638.0,read,dynamodb,4
1598,98003.0,read,dynamodb,4
1599,92820.0,read,dynamodb,4
1600,92583.0,read,dynamodb,4
1601,93088.0,read,dynamodb,4
1602,92816.0,read,dynamodb,4
1603,92736.0,read,dynamodb,4
1604,92641.0,read,dynamodb,4
1605,92854.0,read,dynamodb,4
1606,92610.0,read,dynamodb,4
1607,92963.0,read,dynamodb,4
1608,92999.0,read,dynamodb,4
1609,92814.0,read,dynamodb,4
1610,92873.0,read,dynamodb,4
1611,93673.0,read,dynamodb,4
1612,92986.0,read,dynamodb,4
1613,94588.0,read,dynamodb,4
1614,92676.0,read,dynamodb,4
1615,92821.0,read,dynamodb,4
1616,93061.0,read,dynamodb,4
1617,93155.0,read,dynamodb,4
1618,92908.0,read,dynamodb,4
1619,92611.0,read,dynamodb,4
1620,92674.0,read,dynamodb,4
1621,92640.0,read,dynamodb,4
1622,92497.0,read,dynamodb,4
1623,93051.0,read,dynamodb,4
1624,93279.0,read,dynamodb,4
1625,92631.0,read,dynamodb,4
1626,92694.0,read,dynamodb,4
1627,92568.0,read,dynamodb,4
1628,92512.0,read,dynamodb,4
1629,92830.0,read,dynamodb,4
1630,92901.0,read,dynamodb,4
1631,92648.0,read,dynamodb,4
1632,92622.0,read,dynamodb,4
1633,92689.0,read,dynamodb,4
1634,92789.0,read,dynamodb,4
1635,93392.0,read,dynamodb,4
1636,92938.0,read,dynamodb,4
1637,92488.0,read,dynamodb,4
1638,92754.0,read,dynamodb,4
1639,92680.0,read,dynamodb,4
1640,92638.0,read,dynamodb,4
1641,93031.0,read,dynamodb,4
1642,92756.0,read,dynamodb,4
1643,93035.0,read,dynamodb,4
1644,94817.0,read,dynamodb,4
1645,92607.0,read,dynamodb,4
1646,92565.0,read,dynamodb,4
1647,92589.0,read,dynamodb,4
1648,93218.0,read,dynamodb,4
1649,92813.0,read,dynamodb,4
1650,92633.0,read,dynamodb,4
1651,92868.0,read,dynamodb,4
1652,93310.0,read,dynamodb,4
1653,92904.0,read,dynamodb,4
1654,92659.0,read,dynamodb,4
1655,92825.0,read,dynamodb,4
1656,92952.0,read,dynamodb,4
1657,92591.0,read,dynamodb,4
1658,92655.0,read,dynamodb,4
1659,93384.0,read,dynamodb,4
1660,94006.0,read,dynamodb,4
1661,93261.0,read,dynamodb,4
1662,112335.0,read,dynamodb,4
1663,92805.0,read,dynamodb,4
1664,92802.0,read,dynamodb,4
1665,92630.0,read,dynamodb,4
1666,92837.0,read,dynamodb,4
1667,92587.0,read,dynamodb,4
1668,92639.0,read,dynamodb,4
1669,93000.0,read,dynamodb,4
1670,92735.0,read,dynamodb,4
1671,92986.0,read,dynamodb,4
1672,92669.0,read,dynamodb,4
1673,93287.0,read,dynamodb,4
1674,92624.0,read,dynamodb,4
1675,93383.0,read,dynamodb,4
1676,92881.0,read,dynamodb,4
1677,93018.0,read,dynamodb,4
1678,92692.0,read,dynamodb,4
1679,92715.0,read,dynamodb,4
1680,92788.0,read,dynamodb,4
1681,93806.0,read,dynamodb,4
1682,92890.0,read,dynamodb,4
1683,92575.0,read,dynamodb,4
1684,92669.0,read,dynamodb,4
1685,92976.0,read,dynamodb,4
1686,92568.0,read,dynamodb,4
1687,92563.0,read,dynamodb,4
1688,92644.0,read,dynamodb,4
1689,92886.0,read,dynamodb,4
1690,92785.0,read,dynamodb,4
1691,92751.0,read,dynamodb,4
1692,92591.0,read,dynamodb,4
1693,92695.0,read,dynamodb,4
1694,92598.0,read,dynamodb,4
1695,92775.0,read,dynamodb,4
1696,92603.0,read,dynamodb,4
1697,92675.0,read,dynamodb,4
1698,92813.0,read,dynamodb,4
1699,92682.0,read,dynamodb,4
1700,92584.0,read,dynamodb,4
1701,92486.0,read,dynamodb,4
1702,92722.0,read,dynamodb,4
1703,92748.0,read,dynamodb,4
1704,94477.0,read,dynamodb,4
1705,93215.0,read,dynamodb,4
1706,92716.0,read,dynamodb,4
1707,92516.0,read,dynamodb,4
1708,92934.0,read,dynamodb,4
1709,92534.0,read,dynamodb,4
1710,92570.0,read,dynamodb,4
1711,92794.0,read,dynamodb,4
1712,92921.0,read,dynamodb,4
1713,92844.0,read,dynamodb,4
1714,93095.0,read,dynamodb,4
1715,93057.0,read,dynamodb,4
1716,92810.0,read,dynamodb,4
1717,93188.0,read,dynamodb,4
1718,92980.0,read,dynamodb,4
1719,92810.0,read,dynamodb,4
1720,92925.0,read,dynamodb,4
1721,92858.0,read,dynamodb,4
1722,92888.0,read,dynamodb,4
1723,96146.0,read,dynamodb,4
1724,92708.0,read,dynamodb,4
1725,92879.0,read,dynamodb,4
1726,92769.0,read,dynamodb,4
1727,92853.0,read,dynamodb,4
1728,92948.0,read,dynamodb,4
1729,93698.0,read,dynamodb,4
1730,92775.0,read,dynamodb,4
1731,92796.0,read,dynamodb,4
1732,92978.0,read,dynamodb,4
1733,92717.0,read,dynamodb,4
1734,92811.0,read,dynamodb,4
1735,93088.0,read,dynamodb,4
1736,92489.0,read,dynamodb,4
1737,92598.0,read,dynamodb,4
1738,92597.0,read,dynamodb,4
1739,92638.0,read,dynamodb,4
1740,92731.0,read,dynamodb,4
1741,92637.0,read,dynamodb,4
1742,92944.0,read,dynamodb,4
1743,92776.0,read,dynamodb,4
1744,92871.0,read,dynamodb,4
1745,92756.0,read,dynamodb,4
1746,92982.0,read,dynamodb,4
1747,92787.0,read,dynamodb,4
1748,92687.0,read,dynamodb,4
1749,92620.0,read,dynamodb,4
1750,92519.0,read,dynamodb,4
1751,92483.0,read,dynamodb,4
1752,95129.0,read,dynamodb,4
1753,93221.0,read,dynamodb,4
1754,92548.0,read,dynamodb,4
1755,92554.0,read,dynamodb,4
1756,92695.0,read,dynamodb,4
1757,93027.0,read,dynamodb,4
1758,93328.0,read,dynamodb,4
1759,92675.0,read,dynamodb,4
1760,92900.0,read,dynamodb,4
1761,93003.0,read,dynamodb,4
1762,92646.0,read,dynamodb,4
1763,92665.0,read,dynamodb,4
1764,92689.0,read,dynamodb,4
1765,92811.0,read,dynamodb,4
1766,94836.0,read,dynamodb,4
1767,112843.0,read,dynamodb,4
1768,92958.0,read,dynamodb,4
1769,92778.0,read,dynamodb,4
1770,95148.0,read,dynamodb,4
1771,93605.0,read,dynamodb,4
1772,93424.0,read,dynamodb,4
1773,92875.0,read,dynamodb,4
1774,93368.0,read,dynamodb,4
1775,93019.0,read,dynamodb,4
1776,92627.0,read,dynamodb,4
1777,94388.0,read,dynamodb,4
1778,92676.0,read,dynamodb,4
1779,92559.0,read,dynamodb,4
1780,93820.0,read,dynamodb,4
1781,92760.0,read,dynamodb,4
1782,92870.0,read,dynamodb,4
1783,92545.0,read,dynamodb,4
1784,92607.0,read,dynamodb,4
1785,93076.0,read,dynamodb,4
1786,92610.0,read,dynamodb,4
1787,92588.0,read,dynamodb,4
1788,92868.0,read,dynamodb,4
1789,92979.0,read,dynamodb,4
1790,92579.0,read,dynamodb,4
1791,92544.0,read,dynamodb,4
1792,93131.0,read,dynamodb,4
1793,92850.0,read,dynamodb,4
1794,93136.0,read,dynamodb,4
1795,92936.0,read,dynamodb,4
1796,92914.0,read,dynamodb,4
1797,92827.0,read,dynamodb,4
1798,92930.0,read,dynamodb,4
1799,92573.0,read,dynamodb,4
1800,93203.0,read,dynamodb,4
1801,92964.0,read,dynamodb,4
1802,93705.0,read,dynamodb,4
1803,92582.0,read,dynamodb,4
1804,93311.0,read,dynamodb,4
1805,92915.0,read,dynamodb,4
1806,92671.0,read,dynamodb,4
1807,92494.0,read,dynamodb,4
1808,92742.0,read,dynamodb,4
1809,92760.0,read,dynamodb,4
1810,92837.0,read,dynamodb,4
1811,92554.0,read,dynamodb,4
1812,92614.0,read,dynamodb,4
1813,92672.0,read,dynamodb,4
1814,92613.0,read,dynamodb,4
1815,92596.0,read,dynamodb,4
1816,92521.0,read,dynamodb,4
1817,92743.0,read,dynamodb,4
1818,93249.0,read,dynamodb,4
1819,92912.0,read,dynamodb,4
1820,92713.0,read,dynamodb,4
1821,92733.0,read,dynamodb,4
1822,92642.0,read,dynamodb,4
1823,92562.0,read,dynamodb,4
1824,92642.0,read,dynamodb,4
1825,92876.0,read,dynamodb,4
1826,92810.0,read,dynamodb,4
1827,92762.0,read,dynamodb,4
1828,92794.0,read,dynamodb,4
1829,92611.0,read,dynamodb,4
1830,93042.0,read,dynamodb,4
1831,94194.0,read,dynamodb,4
1832,93534.0,read,dynamodb,4
1833,93577.0,read,dynamodb,4
1834,93203.0,read,dynamodb,4
1835,94004.0,read,dynamodb,4
1836,92805.0,read,dynamodb,4
1837,93467.0,read,dynamodb,4
1838,93482.0,read,dynamodb,4
1839,93563.0,read,dynamodb,4
1840,111430.0,read,dynamodb,4
1841,93258.0,read,dynamodb,4
1842,92827.0,read,dynamodb,4
1843,93127.0,read,dynamodb,4
1844,93185.0,read,dynamodb,4
1845,92617.0,read,dynamodb,4
1846,92809.0,read,dynamodb,4
1847,92900.0,read,dynamodb,4
1848,93122.0,read,dynamodb,4
1849,92694.0,read,dynamodb,4
1850,92920.0,read,dynamodb,4
1851,92512.0,read,dynamodb,4
1852,92641.0,read,dynamodb,4
1853,92751.0,read,dynamodb,4
1854,92639.0,read,dynamodb,4
1855,93313.0,read,dynamodb,4
1856,92734.0,read,dynamodb,4
1857,92792.0,read,dynamodb,4
1858,93250.0,read,dynamodb,4
1859,92745.0,read,dynamodb,4
1860,93125.0,read,dynamodb,4
1861,92768.0,read,dynamodb,4
1862,92771.0,read,dynamodb,4
1863,92647.0,read,dynamodb,4
1864,92953.0,read,dynamodb,4
1865,92796.0,read,dynamodb,4
1866,92928.0,read,dynamodb,4
1867,92948.0,read,dynamodb,4
1868,93089.0,read,dynamodb,4
1869,92702.0,read,dynamodb,4
1870,92712.0,read,dynamodb,4
1871,93033.0,read,dynamodb,4
1872,93267.0,read,dynamodb,4
1873,92735.0,read,dynamodb,4
1874,92894.0,read,dynamodb,4
1875,93127.0,read,dynamodb,4
1876,93210.0,read,dynamodb,4
1877,92791.0,read,dynamodb,4
1878,92657.0,read,dynamodb,4
1879,92872.0,read,dynamodb,4
1880,92882.0,read,dynamodb,4
1881,92810.0,read,dynamodb,4
1882,92688.0,read,dynamodb,4
1883,92656.0,read,dynamodb,4
1884,92967.0,read,dynamodb,4
1885,92589.0,read,dynamodb,4
1886,93371.0,read,dynamodb,4
1887,92990.0,read,dynamodb,4
1888,92769.0,read,dynamodb,4
1889,92652.0,read,dynamodb,4
1890,92798.0,read,dynamodb,4
1891,92575.0,read,dynamodb,4
1892,92764.0,read,dynamodb,4
1893,92889.0,read,dynamodb,4
1894,96753.0,read,dynamodb,4
1895,92753.0,read,dynamodb,4
1896,92660.0,read,dynamodb,4
1897,93184.0,read,dynamodb,4
1898,92653.0,read,dynamodb,4
1899,92742.0,read,dynamodb,4
1900,92554.0,read,dynamodb,4
1901,92558.0,read,dynamodb,4
1902,94041.0,read,dynamodb,4
1903,95071.0,read,dynamodb,4
1904,92615.0,read,dynamodb,4
1905,93085.0,read,dynamodb,4
1906,92669.0,read,dynamodb,4
1907,94369.0,read,dynamodb,4
1908,92811.0,read,dynamodb,4
1909,92661.0,read,dynamodb,4
1910,92536.0,read,dynamodb,4
1911,92574.0,read,dynamodb,4
1912,92541.0,read,dynamodb,4
1913,92823.0,read,dynamodb,4
1914,92400.0,read,dynamodb,4
1915,92363.0,read,dynamodb,4
1916,92483.0,read,dynamodb,4
1917,92360.0,read,dynamodb,4
1918,92846.0,read,dynamodb,4
1919,92392.0,read,dynamodb,4
1920,92488.0,read,dynamodb,4
1921,92385.0,read,dynamodb,4
1922,92592.0,read,dynamodb,4
1923,92412.0,read,dynamodb,4
1924,92325.0,read,dynamodb,4
1925,92677.0,read,dynamodb,4
1926,92492.0,read,dynamodb,4
1927,92501.0,read,dynamodb,4
1928,92543.0,read,dynamodb,4
1929,92385.0,read,dynamodb,4
1930,92770.0,read,dynamodb,4
1931,92650.0,read,dynamodb,4
1932,92797.0,read,dynamodb,4
1933,92751.0,read,dynamodb,4
1934,92471.0,read,dynamodb,4
1935,92429.0,read,dynamodb,4
1936,92371.0,read,dynamodb,4
1937,92406.0,read,dynamodb,4
1938,92472.0,read,dynamodb,4
1939,92415.0,read,dynamodb,4
1940,92451.0,read,dynamodb,4
1941,92389.0,read,dynamodb,4
1942,92584.0,read,dynamodb,4
1943,92260.0,read,dynamodb,4
1944,92615.0,read,dynamodb,4
1945,92487.0,read,dynamodb,4
1946,92645.0,read,dynamodb,4
1947,92334.0,read,dynamodb,4
1948,92501.0,read,dynamodb,4
1949,92526.0,read,dynamodb,4
1950,92416.0,read,dynamodb,4
1951,92494.0,read,dynamodb,4
1952,92588.0,read,dynamodb,4
1953,92475.0,read,dynamodb,4
1954,92748.0,read,dynamodb,4
1955,92469.0,read,dynamodb,4
1956,94503.0,read,dynamodb,4
1957,93025.0,read,dynamodb,4
1958,92306.0,read,dynamodb,4
1959,92399.0,read,dynamodb,4
1960,93720.0,read,dynamodb,4
1961,93435.0,read,dynamodb,4
1962,94431.0,read,dynamodb,4
1963,92584.0,read,dynamodb,4
1964,92513.0,read,dynamodb,4
1965,92594.0,read,dynamodb,4
1966,92559.0,read,dynamodb,4
1967,92657.0,read,dynamodb,4
1968,92716.0,read,dynamodb,4
1969,92483.0,read,dynamodb,4
1970,92442.0,read,dynamodb,4
1971,92343.0,read,dynamodb,4
1972,92498.0,read,dynamodb,4
1973,92432.0,read,dynamodb,4
1974,92222.0,read,dynamodb,4
1975,92588.0,read,dynamodb,4
1976,92410.0,read,dynamodb,4
1977,92378.0,read,dynamodb,4
1978,92533.0,read,dynamodb,4
1979,92575.0,read,dynamodb,4
1980,92442.0,read,dynamodb,4
1981,92830.0,read,dynamodb,4
1982,92532.0,read,dynamodb,4
1983,92677.0,read,dynamodb,4
1984,92889.0,read,dynamodb,4
1985,93023.0,read,dynamodb,4
1986,92425.0,read,dynamodb,4
1987,92309.0,read,dynamodb,4
1988,92482.0,read,dynamodb,4
1989,92271.0,read,dynamodb,4
1990,92737.0,read,dynamodb,4
1991,92644.0,read,dynamodb,4
1992,92387.0,read,dynamodb,4
1993,92390.0,read,dynamodb,4
1994,92281.0,read,dynamodb,4
1995,92393.0,read,dynamodb,4
1996,92715.0,read,dynamodb,4
1997,92343.0,read,dynamodb,4
1998,92748.0,read,dynamodb,4
1999,92417.0,read,dynamodb,4
2000,92399.0,read,dynamodb,4
2001,1000.0,read_capacity,,4
